Datetime,Water Level (m)
2025-08-05 00:00:00,0.23672742
2025-08-05 01:00:00,0.37517807
2025-08-05 02:00:00,0.4915433
2025-08-05 03:00:00,0.6028106
2025-08-05 04:00:00,0.7026457
2025-08-05 05:00:00,0.7552108
2025-08-05 06:00:00,0.73627585
2025-08-05 07:00:00,0.64088506
2025-08-05 08:00:00,0.53157264
2025-08-05 09:00:00,0.43654254
2025-08-05 10:00:00,0.35772374
2025-08-05 11:00:00,0.30559504
2025-08-05 12:00:00,0.32692382
2025-08-05 13:00:00,0.44380644
2025-08-05 14:00:00,0.56629586
2025-08-05 15:00:00,0.61594486
2025-08-05 16:00:00,0.6035472
2025-08-05 17:00:00,0.5485063
2025-08-05 18:00:00,0.45882344
2025-08-05 19:00:00,0.3484537
2025-08-05 20:00:00,0.23728311
2025-08-05 21:00:00,0.13439444
2025-08-05 22:00:00,0.044664342
2025-08-05 23:00:00,-0.01574747
2025-08-06 00:00:00,0.03474327
2025-08-06 01:00:00,0.2564433
2025-08-06 02:00:00,0.4993729
2025-08-06 03:00:00,0.6699904
2025-08-06 04:00:00,0.7951869
2025-08-06 05:00:00,0.88639843
2025-08-06 06:00:00,0.90655863
2025-08-06 07:00:00,0.82728463
2025-08-06 08:00:00,0.6964421
2025-08-06 09:00:00,0.5774043
2025-08-06 10:00:00,0.4772756
2025-08-06 11:00:00,0.37980816
2025-08-06 12:00:00,0.2980155
2025-08-06 13:00:00,0.28847733
2025-08-06 14:00:00,0.4508793
2025-08-06 15:00:00,0.6381064
2025-08-06 16:00:00,0.7334011
2025-08-06 17:00:00,0.7506981
2025-08-06 18:00:00,0.7071515
2025-08-06 19:00:00,0.5970646
2025-08-06 20:00:00,0.46532118
2025-08-06 21:00:00,0.34395242
2025-08-06 22:00:00,0.22596548
2025-08-06 23:00:00,0.12019511
2025-08-07 00:00:00,0.051296525
2025-08-07 01:00:00,0.12998186
2025-08-07 02:00:00,0.38717636
2025-08-07 03:00:00,0.6513327
2025-08-07 04:00:00,0.8327937
2025-08-07 05:00:00,0.9739562
2025-08-07 06:00:00,1.0812904
2025-08-07 07:00:00,1.0680438
2025-08-07 08:00:00,0.92985415
2025-08-07 09:00:00,0.77969253
2025-08-07 10:00:00,0.6591984
2025-08-07 11:00:00,0.54403913
2025-08-07 12:00:00,0.42861304
2025-08-07 13:00:00,0.33062208
2025-08-07 14:00:00,0.33543766
2025-08-07 15:00:00,0.5637994
2025-08-07 16:00:00,0.7933119
2025-08-07 17:00:00,0.8974017
2025-08-07 18:00:00,0.9144661
2025-08-07 19:00:00,0.83980477
2025-08-07 20:00:00,0.68856037
2025-08-07 21:00:00,0.53697145
2025-08-07 22:00:00,0.40588766
2025-08-07 23:00:00,0.28545374
2025-08-08 00:00:00,0.16000727
2025-08-08 01:00:00,0.07139595
2025-08-08 02:00:00,0.18952504
2025-08-08 03:00:00,0.50481105
2025-08-08 04:00:00,0.79984206
2025-08-08 05:00:00,0.9811641
2025-08-08 06:00:00,1.1121906
2025-08-08 07:00:00,1.1743789
2025-08-08 08:00:00,1.0856818
2025-08-08 09:00:00,0.902783
2025-08-08 10:00:00,0.75538397
2025-08-08 11:00:00,0.6279985
2025-08-08 12:00:00,0.49879006
2025-08-08 13:00:00,0.36980206
2025-08-08 14:00:00,0.28779465
2025-08-08 15:00:00,0.42033818
2025-08-08 16:00:00,0.72376835
2025-08-08 17:00:00,0.950719
2025-08-08 18:00:00,1.0391077
2025-08-08 19:00:00,1.0424467
2025-08-08 20:00:00,0.94281423
2025-08-08 21:00:00,0.77192986
2025-08-08 22:00:00,0.6258981
2025-08-08 23:00:00,0.4994179
2025-08-09 00:00:00,0.3677797
2025-08-09 01:00:00,0.23621744
2025-08-09 02:00:00,0.15945536
2025-08-09 03:00:00,0.35227802
2025-08-09 04:00:00,0.71852833
2025-08-09 05:00:00,1.0118474
2025-08-09 06:00:00,1.1897541
2025-08-09 07:00:00,1.2926005
2025-08-09 08:00:00,1.2833943
2025-08-09 09:00:00,1.1066513
2025-08-09 10:00:00,0.9141662
2025-08-09 11:00:00,0.7749145
2025-08-09 12:00:00,0.64169335
2025-08-09 13:00:00,0.5010997
2025-08-09 14:00:00,0.37561303
2025-08-09 15:00:00,0.3357257
2025-08-09 16:00:00,0.60782397
2025-08-09 17:00:00,0.92451686
2025-08-09 18:00:00,1.0995418
2025-08-09 19:00:00,1.1646459
2025-08-09 20:00:00,1.1175845
2025-08-09 21:00:00,0.945542
2025-08-09 22:00:00,0.7574943
2025-08-09 23:00:00,0.6148472
2025-08-10 00:00:00,0.480028
2025-08-10 01:00:00,0.3355691
2025-08-10 02:00:00,0.19820064
2025-08-10 03:00:00,0.15844658
2025-08-10 04:00:00,0.47679186
2025-08-10 05:00:00,0.8534139
2025-08-10 06:00:00,1.1099892
2025-08-10 07:00:00,1.272625
2025-08-10 08:00:00,1.3457326
2025-08-10 09:00:00,1.2532283
2025-08-10 10:00:00,1.0302209
2025-08-10 11:00:00,0.85918534
2025-08-10 12:00:00,0.7212554
2025-08-10 13:00:00,0.5756361
2025-08-10 14:00:00,0.43057773
2025-08-10 15:00:00,0.31052506
2025-08-10 16:00:00,0.37223876
2025-08-10 17:00:00,0.7230064
2025-08-10 18:00:00,1.0285388
2025-08-10 19:00:00,1.1699253
2025-08-10 20:00:00,1.2084662
2025-08-10 21:00:00,1.1111215
2025-08-10 22:00:00,0.905553
2025-08-10 23:00:00,0.7284643
2025-08-11 00:00:00,0.5952496
